-- --------------------------------------------------------
-- Host:                         localhost
-- Server version:               10.0.32-MariaDB-0+deb8u1 - (Debian)
-- Server OS:                    debian-linux-gnu
-- HeidiSQL Version:             9.5.0.5196
-- --------------------------------------------------------

/*!40101 SET @OLD_CHARACTER_SET_CLIENT=@@CHARACTER_SET_CLIENT */;
/*!40101 SET NAMES utf8 */;
/*!50503 SET NAMES utf8mb4 */;
/*!40014 SET @OLD_FOREIGN_KEY_CHECKS=@@FOREIGN_KEY_CHECKS, FOREIGN_KEY_CHECKS=0 */;
/*!40101 SET @OLD_SQL_MODE=@@SQL_MODE, SQL_MODE='NO_AUTO_VALUE_ON_ZERO' */;

-- Dumping structure for table rolagpos.barang
CREATE TABLE IF NOT EXISTS `barang` (
  `barang_id` int(11) NOT NULL AUTO_INCREMENT,
  `kategori_id` int(11) NOT NULL,
  `nama_barang` varchar(100) NOT NULL,
  `harga` int(11) NOT NULL,
  `hpp` int(11) NOT NULL,
  `ppn` int(11) NOT NULL DEFAULT '1',
  `des` text NOT NULL,
  `img` text NOT NULL,
  `jenis` int(11) NOT NULL DEFAULT '1',
  PRIMARY KEY (`barang_id`)
) ENGINE=MyISAM AUTO_INCREMENT=17 DEFAULT CHARSET=latin1;

-- Dumping data for table rolagpos.barang: 13 rows
DELETE FROM `barang`;
/*!40000 ALTER TABLE `barang` DISABLE KEYS */;
INSERT INTO `barang` (`barang_id`, `kategori_id`, `nama_barang`, `harga`, `hpp`, `ppn`, `des`, `img`, `jenis`) VALUES
	(1, 1, 'Mie Sedap Kari Ayam', 600000, 5000, 1, '- mie instan kare\r\n- mi enak\r\n- mie pedas dengan bumbu merica\r\n- kesedapan tiada Tara', '4c91c01fef108b62417bc345ec1ff602.jpg', 1),
	(4, 1, 'mie sedap goreng', 1500, 0, 1, '- mie instan kare\r\n- mi enak\r\n- mie pedas dengan bumbu merica\r\n- kesedapan tiada Tara', '42008d2350788940edbd54273a104ac1.jpg', 1),
	(5, 16, 'mie soto ayam', 2300, 0, 1, '', '', 1),
	(6, 2, 'minuman ringan', 3000, 0, 1, '', '', 1),
	(7, 17, 'mie g enak', 4000, 0, 1, '', '', 1),
	(8, 6, 'nokia x400', 1300, 0, 1, '', '', 1),
	(9, 9, 'tas kulit', 400000, 0, 1, '', '', 1),
	(10, 9, 'tas kertas', 300000, 0, 1, '', '', 1),
	(12, 13, 'Kecap Manis', 2000, 0, 1, '', '', 1),
	(13, 14, 'baran baran', 10000, 8000, 1, '', '', 1),
	(14, 16, 'MI orak arek', 10000, 10000, 1, '', '', 1),
	(15, 17, 'MI orak arek pisan', 40000, 40000, 1, '', '', 1),
	(16, 18, 'es kolek', 50000, 50000, 1, '', '', 2);
/*!40000 ALTER TABLE `barang` ENABLE KEYS */;

-- Dumping structure for table rolagpos.in_out
CREATE TABLE IF NOT EXISTS `in_out` (
  `in_out_id` int(11) NOT NULL AUTO_INCREMENT,
  `operator_id` int(11) NOT NULL DEFAULT '0',
  `in_out_type` int(11) NOT NULL DEFAULT '0',
  `in_out_nilai` int(11) NOT NULL DEFAULT '0',
  `in_out_tgl` datetime NOT NULL,
  `in_out_ket` varchar(50) NOT NULL DEFAULT '0',
  PRIMARY KEY (`in_out_id`)
) ENGINE=InnoDB AUTO_INCREMENT=10 DEFAULT CHARSET=latin1;

-- Dumping data for table rolagpos.in_out: ~9 rows (approximately)
DELETE FROM `in_out`;
/*!40000 ALTER TABLE `in_out` DISABLE KEYS */;
INSERT INTO `in_out` (`in_out_id`, `operator_id`, `in_out_type`, `in_out_nilai`, `in_out_tgl`, `in_out_ket`) VALUES
	(1, 7, 1, 300000, '2018-07-12 23:18:34', ''),
	(2, 7, 1, 300000, '2018-07-16 15:34:48', 'kkkk'),
	(3, 7, 1, 200000, '2018-07-16 15:37:59', 'kt'),
	(4, 7, 1, 200000, '2018-07-16 15:39:49', 'kt'),
	(5, 7, 1, 200000, '2018-07-16 15:41:25', 'kt'),
	(6, 7, 1, 200000, '2018-07-16 15:42:11', 'kt'),
	(7, 7, 1, 200000, '2018-07-16 15:42:23', 'kt'),
	(8, 7, 1, 30000, '2018-07-16 15:43:40', 'kkk'),
	(9, 7, 1, 5000000, '2018-07-16 15:46:10', '');
/*!40000 ALTER TABLE `in_out` ENABLE KEYS */;

-- Dumping structure for table rolagpos.kategori_barang
CREATE TABLE IF NOT EXISTS `kategori_barang` (
  `kategori_id` int(11) NOT NULL AUTO_INCREMENT,
  `nama_kategori` varchar(50) NOT NULL,
  `kategori_perent` int(11) NOT NULL,
  PRIMARY KEY (`kategori_id`)
) ENGINE=MyISAM AUTO_INCREMENT=19 DEFAULT CHARSET=latin1;

-- Dumping data for table rolagpos.kategori_barang: 5 rows
DELETE FROM `kategori_barang`;
/*!40000 ALTER TABLE `kategori_barang` DISABLE KEYS */;
INSERT INTO `kategori_barang` (`kategori_id`, `nama_kategori`, `kategori_perent`) VALUES
	(1, 'Appetizer', 0),
	(15, 'Coffe', 0),
	(18, 'Tea', 0),
	(17, 'Main Course', 0),
	(16, 'Dessert', 0);
/*!40000 ALTER TABLE `kategori_barang` ENABLE KEYS */;

-- Dumping structure for table rolagpos.operator
CREATE TABLE IF NOT EXISTS `operator` (
  `operator_id` int(11) NOT NULL AUTO_INCREMENT,
  `nama_lengkap` varchar(50) NOT NULL,
  `username` varchar(20) NOT NULL,
  `password` varchar(32) NOT NULL,
  `akses` varchar(32) NOT NULL,
  `last_login` date NOT NULL,
  PRIMARY KEY (`operator_id`)
) ENGINE=MyISAM AUTO_INCREMENT=9 DEFAULT CHARSET=latin1;

-- Dumping data for table rolagpos.operator: 2 rows
DELETE FROM `operator`;
/*!40000 ALTER TABLE `operator` DISABLE KEYS */;
INSERT INTO `operator` (`operator_id`, `nama_lengkap`, `username`, `password`, `akses`, `last_login`) VALUES
	(7, 'Administrator', 'admin', '89d4402dc03d3b7318bbac10203034ab', 'admin', '2018-07-21'),
	(8, 'Rongo ', 'ronggo', '89d4402dc03d3b7318bbac10203034ab', 'user', '2018-07-17');
/*!40000 ALTER TABLE `operator` ENABLE KEYS */;

-- Dumping structure for table rolagpos.rekam_stok
CREATE TABLE IF NOT EXISTS `rekam_stok` (
  `rekam_stok_id` int(11) NOT NULL AUTO_INCREMENT,
  `barang_id` int(11) DEFAULT '0',
  `transaksi_id` int(11) DEFAULT '0',
  `tgl_rekam_stok` timestamp NULL DEFAULT CURRENT_TIMESTAMP,
  `tipe_rekam_stok` int(11) DEFAULT '0',
  `nilai_rekam_stok` int(11) DEFAULT '1',
  `id_operator` int(11) DEFAULT '0',
  `ket_rekam_stok` varchar(50) DEFAULT NULL,
  `status_rekam_stok` int(11) DEFAULT '1',
  PRIMARY KEY (`rekam_stok_id`)
) ENGINE=InnoDB AUTO_INCREMENT=523 DEFAULT CHARSET=latin1;

-- Dumping data for table rolagpos.rekam_stok: ~419 rows (approximately)
DELETE FROM `rekam_stok`;
/*!40000 ALTER TABLE `rekam_stok` DISABLE KEYS */;
INSERT INTO `rekam_stok` (`rekam_stok_id`, `barang_id`, `transaksi_id`, `tgl_rekam_stok`, `tipe_rekam_stok`, `nilai_rekam_stok`, `id_operator`, `ket_rekam_stok`, `status_rekam_stok`) VALUES
	(1, 1, 0, '2017-10-04 16:52:43', 1, 5, 6, NULL, 1),
	(2, 1, 1, '2017-10-04 16:53:06', 0, 3, 6, NULL, 1),
	(3, 4, 0, '2017-10-04 18:05:07', 1, 1, 6, NULL, 1),
	(4, 5, 0, '2017-10-04 18:05:10', 1, 1, 6, NULL, 1),
	(5, 6, 0, '2017-10-04 18:05:14', 1, 1, 6, NULL, 1),
	(6, 7, 0, '2017-10-04 18:05:18', 1, 1, 6, NULL, 1),
	(7, 8, 0, '2017-10-04 18:05:22', 1, 1, 6, NULL, 1),
	(8, 8, 0, '2017-10-04 18:05:25', 1, 1, 6, NULL, 1),
	(9, 12, 0, '2017-10-04 18:05:28', 1, 1, 6, NULL, 1),
	(10, 13, 0, '2017-10-04 18:05:33', 1, 1, 6, NULL, 1),
	(11, 13, 0, '2017-10-04 18:05:37', 1, 1, 6, NULL, 1),
	(12, 13, 0, '2017-10-04 18:05:40', 1, 1, 6, NULL, 1),
	(13, 14, 0, '2017-10-04 18:05:42', 1, 1, 6, NULL, 1),
	(14, 15, 0, '2017-10-04 18:12:18', 1, 2, 6, NULL, 1),
	(15, 5, 0, '2017-10-04 18:29:08', 1, 2, 6, NULL, 1),
	(16, 1, 2, '2018-02-21 21:17:26', 0, 1, 7, NULL, 1),
	(17, 13, 2, '2018-02-21 21:17:26', 0, 1, 7, NULL, 1),
	(18, 1, 3, '2018-02-21 21:21:27', 0, 1, 7, NULL, 1),
	(19, 5, 4, '2018-02-21 22:03:25', 0, 4, 7, NULL, 1),
	(20, 15, 4, '2018-02-21 22:03:25', 0, 1, 7, NULL, 1),
	(21, 14, 4, '2018-02-21 22:03:25', 0, 1, 7, NULL, 1),
	(22, 5, 5, '2018-02-21 22:04:41', 0, 1, 7, NULL, 1),
	(23, 15, 5, '2018-02-21 22:04:41', 0, 1, 7, NULL, 1),
	(24, 4, 5, '2018-02-21 22:04:41', 0, 1, 7, NULL, 1),
	(25, 5, 6, '2018-02-21 22:49:00', 0, 1, 7, NULL, 1),
	(26, 15, 6, '2018-02-21 22:49:00', 0, 1, 7, NULL, 1),
	(27, 4, 6, '2018-02-21 22:49:00', 0, 1, 7, NULL, 1),
	(28, 4, 7, '2018-02-21 23:04:05', 0, 5, 7, NULL, 1),
	(29, 5, 7, '2018-02-21 23:04:05', 0, 5, 7, NULL, 1),
	(30, 15, 8, '2018-02-21 23:07:47', 0, 1, 7, NULL, 1),
	(31, 14, 8, '2018-02-21 23:07:47', 0, 6, 7, NULL, 1),
	(32, 5, 9, '2018-04-04 18:08:41', 0, 1, 7, NULL, 1),
	(33, 15, 9, '2018-04-04 18:08:41', 0, 1, 7, NULL, 1),
	(34, 4, 9, '2018-04-04 18:08:41', 0, 1, 7, NULL, 1),
	(35, 5, 10, '2018-04-04 18:08:54', 0, 1, 7, NULL, 1),
	(36, 15, 10, '2018-04-04 18:08:54', 0, 1, 7, NULL, 1),
	(37, 4, 10, '2018-04-04 18:08:54', 0, 1, 7, NULL, 1),
	(38, 5, 11, '2018-04-04 18:10:44', 0, 1, 7, NULL, 1),
	(39, 4, 11, '2018-04-04 18:10:44', 0, 1, 7, NULL, 1),
	(40, 15, 11, '2018-04-04 18:10:44', 0, 1, 7, NULL, 1),
	(99, 14, NULL, '2018-07-10 21:57:04', 0, 1, 7, NULL, 1),
	(100, 7, NULL, '2018-07-10 21:57:04', 0, 1, 7, NULL, 1),
	(101, 5, NULL, '2018-07-10 21:57:04', 0, 1, 7, NULL, 1),
	(102, 4, NULL, '2018-07-10 21:57:04', 0, 1, 7, NULL, 1),
	(103, 14, NULL, '2018-07-10 21:57:26', 0, 1, 7, NULL, 1),
	(104, 7, NULL, '2018-07-10 21:57:26', 0, 1, 7, NULL, 1),
	(105, 5, NULL, '2018-07-10 21:57:26', 0, 1, 7, NULL, 1),
	(106, 4, NULL, '2018-07-10 21:57:26', 0, 1, 7, NULL, 1),
	(107, 14, NULL, '2018-07-10 21:57:36', 0, 1, 7, NULL, 1),
	(108, 7, NULL, '2018-07-10 21:57:36', 0, 1, 7, NULL, 1),
	(109, 5, NULL, '2018-07-10 21:57:36', 0, 1, 7, NULL, 1),
	(110, 4, NULL, '2018-07-10 21:57:36', 0, 1, 7, NULL, 1),
	(111, 14, NULL, '2018-07-10 21:59:07', 0, 1, 7, NULL, 1),
	(112, 7, NULL, '2018-07-10 21:59:07', 0, 1, 7, NULL, 1),
	(113, 5, NULL, '2018-07-10 21:59:07', 0, 1, 7, NULL, 1),
	(114, 14, NULL, '2018-07-10 21:59:13', 0, 1, 7, NULL, 1),
	(115, 7, NULL, '2018-07-10 21:59:13', 0, 1, 7, NULL, 1),
	(116, 5, NULL, '2018-07-10 21:59:13', 0, 1, 7, NULL, 1),
	(117, 5, 1, '2018-07-10 22:00:13', 0, 1, 7, NULL, 1),
	(118, 7, 1, '2018-07-10 22:00:13', 0, 1, 7, NULL, 1),
	(119, 14, 1, '2018-07-10 22:00:13', 0, 1, 7, NULL, 1),
	(120, 7, 2, '2018-07-10 22:02:12', 0, 1, 7, NULL, 1),
	(121, 14, 2, '2018-07-10 22:02:12', 0, 1, 7, NULL, 1),
	(122, 5, 3, '2018-07-10 22:08:06', 0, 1, 7, NULL, 1),
	(123, 4, 3, '2018-07-10 22:08:07', 0, 1, 7, NULL, 1),
	(124, 7, 3, '2018-07-10 22:08:07', 0, 1, 7, NULL, 1),
	(125, 14, 3, '2018-07-10 22:08:07', 0, 1, 7, NULL, 1),
	(126, 16, 0, '2018-07-11 02:45:01', 1, 13, 7, NULL, 1),
	(127, 1, 4, '2018-07-11 02:54:42', 0, 1, 7, NULL, 1),
	(128, 4, 4, '2018-07-11 02:54:42', 0, 1, 7, NULL, 1),
	(129, 5, 4, '2018-07-11 02:54:42', 0, 1, 7, NULL, 1),
	(130, 7, 4, '2018-07-11 02:54:42', 0, 1, 7, NULL, 1),
	(131, 14, 4, '2018-07-11 02:54:42', 0, 1, 7, NULL, 1),
	(132, 16, 5, '2018-07-11 03:11:23', 0, 1, 7, NULL, 1),
	(133, 4, 5, '2018-07-11 03:11:23', 0, 1, 7, NULL, 1),
	(134, 5, 5, '2018-07-11 03:11:23', 0, 1, 7, NULL, 1),
	(135, 5, 6, '2018-07-11 03:15:11', 0, 1, 7, NULL, 1),
	(136, 14, 6, '2018-07-11 03:15:11', 0, 1, 7, NULL, 1),
	(137, 16, 6, '2018-07-11 03:15:11', 0, 1, 7, NULL, 1),
	(138, 1, 6, '2018-07-11 03:15:11', 0, 1, 7, NULL, 1),
	(139, 7, 7, '2018-07-11 03:22:14', 0, 1, 7, NULL, 1),
	(140, 14, 7, '2018-07-11 03:22:14', 0, 1, 7, NULL, 1),
	(141, 16, 7, '2018-07-11 03:22:14', 0, 1, 7, NULL, 1),
	(142, 7, 8, '2018-07-11 03:30:09', 0, 1, 7, NULL, 1),
	(143, 14, 8, '2018-07-11 03:30:09', 0, 1, 7, NULL, 1),
	(144, 16, 8, '2018-07-11 03:30:09', 0, 1, 7, NULL, 1),
	(145, 5, 8, '2018-07-11 03:30:09', 0, 1, 7, NULL, 1),
	(146, 7, 9, '2018-07-11 03:33:11', 0, 1, 7, NULL, 1),
	(147, 14, 9, '2018-07-11 03:33:12', 0, 1, 7, NULL, 1),
	(148, 16, 9, '2018-07-11 03:33:12', 0, 1, 7, NULL, 1),
	(149, 14, 10, '2018-07-11 03:35:32', 0, 1, 7, NULL, 1),
	(150, 7, 10, '2018-07-11 03:35:32', 0, 1, 7, NULL, 1),
	(151, 16, 10, '2018-07-11 03:35:32', 0, 1, 7, NULL, 1),
	(152, 14, 11, '2018-07-11 03:37:26', 0, 1, 7, NULL, 1),
	(153, 16, 11, '2018-07-11 03:37:26', 0, 1, 7, NULL, 1),
	(154, 7, 12, '2018-07-11 03:51:59', 0, 1, 7, NULL, 1),
	(155, 16, 12, '2018-07-11 03:52:00', 0, 1, 7, NULL, 1),
	(156, 5, 12, '2018-07-11 03:52:00', 0, 1, 7, NULL, 1),
	(157, 4, 12, '2018-07-11 03:52:00', 0, 1, 7, NULL, 1),
	(158, 7, 13, '2018-07-11 03:56:21', 0, 1, 7, NULL, 1),
	(159, 5, 13, '2018-07-11 03:56:21', 0, 1, 7, NULL, 1),
	(160, 16, 13, '2018-07-11 03:56:21', 0, 1, 7, NULL, 1),
	(161, 15, 13, '2018-07-11 03:56:21', 0, 1, 7, NULL, 1),
	(162, 14, 14, '2018-07-11 03:59:25', 0, 1, 7, NULL, 1),
	(163, 5, 14, '2018-07-11 03:59:27', 0, 1, 7, NULL, 1),
	(164, 4, 14, '2018-07-11 03:59:27', 0, 1, 7, NULL, 1),
	(165, 16, 14, '2018-07-11 03:59:27', 0, 1, 7, NULL, 1),
	(166, 14, 15, '2018-07-11 04:03:16', 0, 1, 7, NULL, 1),
	(167, 16, 15, '2018-07-11 04:03:17', 0, 2, 7, NULL, 1),
	(168, 7, 15, '2018-07-11 04:03:17', 0, 1, 7, NULL, 1),
	(169, 14, 15, '2018-07-11 04:03:50', 0, 1, 7, NULL, 1),
	(170, 16, 15, '2018-07-11 04:03:51', 0, 1, 7, NULL, 1),
	(171, 7, 16, '2018-07-11 05:42:54', 0, 1, 7, NULL, 1),
	(172, 5, 16, '2018-07-11 05:42:55', 0, 1, 7, NULL, 1),
	(173, 16, 16, '2018-07-11 05:42:55', 0, 1, 7, NULL, 1),
	(174, 4, 16, '2018-07-11 05:42:55', 0, 1, 7, NULL, 1),
	(175, 15, 16, '2018-07-11 05:42:55', 0, 1, 7, NULL, 1),
	(176, 4, 17, '2018-07-12 17:34:28', 0, 2, 7, NULL, 1),
	(177, 5, 17, '2018-07-12 17:34:28', 0, 1, 7, NULL, 1),
	(178, 7, 17, '2018-07-12 17:34:28', 0, 1, 7, NULL, 1),
	(179, 16, 17, '2018-07-12 17:34:28', 0, 1, 7, NULL, 1),
	(180, 15, 17, '2018-07-12 17:34:28', 0, 1, 7, NULL, 1),
	(181, 14, 17, '2018-07-12 17:34:28', 0, 1, 7, NULL, 1),
	(182, 1, 17, '2018-07-12 17:34:28', 0, 1, 7, NULL, 1),
	(183, 7, 18, '2018-07-12 17:39:41', 0, 1, 7, NULL, 1),
	(184, 14, 18, '2018-07-12 17:39:41', 0, 1, 7, NULL, 1),
	(185, 5, 18, '2018-07-12 17:39:41', 0, 1, 7, NULL, 1),
	(186, 4, 18, '2018-07-12 17:39:41', 0, 1, 7, NULL, 1),
	(187, 16, 18, '2018-07-12 17:39:41', 0, 1, 7, NULL, 1),
	(188, 15, 18, '2018-07-12 17:39:41', 0, 1, 7, NULL, 1),
	(189, 1, 18, '2018-07-12 17:39:41', 0, 1, 7, NULL, 1),
	(190, 14, 19, '2018-07-12 17:48:23', 0, 1, 7, NULL, 1),
	(191, 7, 19, '2018-07-12 17:48:23', 0, 1, 7, NULL, 1),
	(192, 5, 19, '2018-07-12 17:48:23', 0, 1, 7, NULL, 1),
	(193, 4, 19, '2018-07-12 17:48:23', 0, 1, 7, NULL, 1),
	(194, 1, 19, '2018-07-12 17:48:23', 0, 1, 7, NULL, 1),
	(195, 16, 19, '2018-07-12 17:48:23', 0, 1, 7, NULL, 1),
	(196, 15, 19, '2018-07-12 17:48:23', 0, 1, 7, NULL, 1),
	(197, 5, 20, '2018-07-12 17:56:51', 0, 1, 7, NULL, 1),
	(198, 7, 20, '2018-07-12 17:56:51', 0, 1, 7, NULL, 1),
	(199, 16, 20, '2018-07-12 17:56:51', 0, 1, 7, NULL, 1),
	(200, 15, 20, '2018-07-12 17:56:51', 0, 1, 7, NULL, 1),
	(201, 14, 20, '2018-07-12 17:56:51', 0, 1, 7, NULL, 1),
	(202, 4, 20, '2018-07-12 17:56:51', 0, 1, 7, NULL, 1),
	(203, 1, 20, '2018-07-12 17:56:51', 0, 1, 7, NULL, 1),
	(204, 16, 21, '2018-07-12 19:13:29', 0, 1, 7, NULL, 1),
	(205, 15, 21, '2018-07-12 19:13:29', 0, 1, 7, NULL, 1),
	(206, 14, 21, '2018-07-12 19:13:29', 0, 1, 7, NULL, 1),
	(207, 1, 21, '2018-07-12 19:13:29', 0, 1, 7, NULL, 1),
	(208, 4, 21, '2018-07-12 19:13:29', 0, 1, 7, NULL, 1),
	(209, 5, 21, '2018-07-12 19:13:29', 0, 1, 7, NULL, 1),
	(210, 5, 22, '2018-07-12 19:17:39', 0, 1, 7, NULL, 1),
	(211, 7, 22, '2018-07-12 19:17:39', 0, 1, 7, NULL, 1),
	(212, 14, 22, '2018-07-12 19:17:40', 0, 1, 7, NULL, 1),
	(213, 16, 22, '2018-07-12 19:17:40', 0, 1, 7, NULL, 1),
	(214, 4, 22, '2018-07-12 19:17:40', 0, 1, 7, NULL, 1),
	(215, 16, 23, '2018-07-12 19:19:47', 0, 1, 7, NULL, 1),
	(216, 5, 23, '2018-07-12 19:19:47', 0, 1, 7, NULL, 1),
	(217, 7, 23, '2018-07-12 19:19:47', 0, 1, 7, NULL, 1),
	(218, 15, 23, '2018-07-12 19:19:47', 0, 1, 7, NULL, 1),
	(219, 1, 23, '2018-07-12 19:19:47', 0, 1, 7, NULL, 1),
	(220, 4, 23, '2018-07-12 19:19:47', 0, 1, 7, NULL, 1),
	(221, 5, 24, '2018-07-12 19:22:13', 0, 1, 7, NULL, 1),
	(222, 7, 24, '2018-07-12 19:22:13', 0, 1, 7, NULL, 1),
	(223, 14, 24, '2018-07-12 19:22:13', 0, 1, 7, NULL, 1),
	(224, 4, 24, '2018-07-12 19:22:13', 0, 1, 7, NULL, 1),
	(225, 16, 24, '2018-07-12 19:22:13', 0, 1, 7, NULL, 1),
	(226, 15, 24, '2018-07-12 19:22:13', 0, 1, 7, NULL, 1),
	(227, 7, 25, '2018-07-12 19:22:42', 0, 1, 7, NULL, 1),
	(228, 14, 25, '2018-07-12 19:22:42', 0, 1, 7, NULL, 1),
	(229, 5, 26, '2018-07-12 19:24:39', 0, 1, 7, NULL, 1),
	(230, 7, 26, '2018-07-12 19:24:39', 0, 1, 7, NULL, 1),
	(231, 16, 26, '2018-07-12 19:24:39', 0, 2, 7, NULL, 1),
	(232, 15, 26, '2018-07-12 19:24:39', 0, 1, 7, NULL, 1),
	(233, 1, 26, '2018-07-12 19:24:39', 0, 1, 7, NULL, 1),
	(234, 14, 27, '2018-07-12 22:07:15', 0, 1, 7, NULL, 1),
	(235, 7, 27, '2018-07-12 22:07:15', 0, 1, 7, NULL, 1),
	(236, 16, 27, '2018-07-12 22:07:15', 0, 1, 7, NULL, 1),
	(237, 1, 27, '2018-07-12 22:07:15', 0, 1, 7, NULL, 1),
	(238, 16, 28, '2018-07-12 22:11:02', 0, 1, 7, NULL, 1),
	(239, 1, 28, '2018-07-12 22:11:02', 0, 1, 7, NULL, 1),
	(240, 5, 28, '2018-07-12 22:11:02', 0, 1, 7, NULL, 1),
	(241, 7, 28, '2018-07-12 22:11:02', 0, 1, 7, NULL, 1),
	(242, 15, 28, '2018-07-12 22:11:02', 0, 1, 7, NULL, 1),
	(243, 16, 23, '2018-07-13 15:50:24', 0, 2, 7, NULL, 1),
	(244, 7, 23, '2018-07-13 15:50:24', 0, 1, 7, NULL, 1),
	(245, 15, 23, '2018-07-13 15:50:24', 0, 1, 7, NULL, 1),
	(246, 5, 29, '2018-07-13 15:53:48', 0, 1, 7, NULL, 1),
	(247, 16, 29, '2018-07-13 15:53:48', 0, 1, 7, NULL, 1),
	(248, 15, 29, '2018-07-13 15:53:48', 0, 1, 7, NULL, 1),
	(249, 1, 29, '2018-07-13 15:53:48', 0, 1, 7, NULL, 1),
	(250, 7, 29, '2018-07-13 15:53:48', 0, 1, 7, NULL, 1),
	(251, 16, 30, '2018-07-16 16:33:50', 0, 2, 7, NULL, 1),
	(252, 5, 30, '2018-07-16 16:33:50', 0, 1, 7, NULL, 1),
	(253, 4, 30, '2018-07-16 16:33:50', 0, 1, 7, NULL, 1),
	(254, 15, 30, '2018-07-16 16:33:50', 0, 1, 7, NULL, 1),
	(255, 14, 30, '2018-07-16 16:33:50', 0, 1, 7, NULL, 1),
	(256, 16, 31, '2018-07-16 16:38:15', 0, 1, 7, NULL, 1),
	(257, 15, 31, '2018-07-16 16:38:15', 0, 1, 7, NULL, 1),
	(258, 1, 31, '2018-07-16 16:38:15', 0, 1, 7, NULL, 1),
	(259, 5, 31, '2018-07-16 16:38:16', 0, 1, 7, NULL, 1),
	(260, 7, 32, '2018-07-16 16:53:08', 0, 1, 7, NULL, 1),
	(261, 15, 32, '2018-07-16 16:53:08', 0, 1, 7, NULL, 1),
	(262, 16, 32, '2018-07-16 16:53:08', 0, 2, 7, NULL, 1),
	(263, 5, 32, '2018-07-16 16:53:08', 0, 1, 7, NULL, 1),
	(264, 1, 32, '2018-07-16 16:53:09', 0, 1, 7, NULL, 1),
	(265, 4, 32, '2018-07-16 16:53:09', 0, 1, 7, NULL, 1),
	(266, 15, 33, '2018-07-16 16:55:17', 0, 2, 7, NULL, 1),
	(267, 7, 33, '2018-07-16 16:55:17', 0, 2, 7, NULL, 1),
	(268, 4, 33, '2018-07-16 16:55:17', 0, 2, 7, NULL, 1),
	(269, 1, 33, '2018-07-16 16:55:18', 0, 2, 7, NULL, 1),
	(270, 5, 33, '2018-07-16 16:55:18', 0, 2, 7, NULL, 1),
	(271, 14, 33, '2018-07-16 16:55:18', 0, 1, 7, NULL, 1),
	(272, 7, 34, '2018-07-16 16:55:59', 0, 1, 7, NULL, 1),
	(273, 15, 34, '2018-07-16 16:56:00', 0, 1, 7, NULL, 1),
	(274, 7, 35, '2018-07-16 16:56:17', 0, 1, 7, NULL, 1),
	(275, 15, 35, '2018-07-16 16:56:17', 0, 1, 7, NULL, 1),
	(276, 16, 36, '2018-07-16 16:57:28', 0, 2, 7, NULL, 1),
	(277, 5, 36, '2018-07-16 16:57:28', 0, 1, 7, NULL, 1),
	(278, 4, 36, '2018-07-16 16:57:28', 0, 1, 7, NULL, 1),
	(279, 15, 36, '2018-07-16 16:57:28', 0, 2, 7, NULL, 1),
	(280, 14, 36, '2018-07-16 16:57:28', 0, 1, 7, NULL, 1),
	(281, 1, 36, '2018-07-16 16:57:28', 0, 1, 7, NULL, 1),
	(282, 7, 36, '2018-07-16 16:57:28', 0, 1, 7, NULL, 1),
	(283, 16, 37, '2018-07-16 17:22:12', 0, 1, 7, NULL, 1),
	(284, 15, 37, '2018-07-16 17:22:12', 0, 1, 7, NULL, 1),
	(285, 14, 37, '2018-07-16 17:22:12', 0, 1, 7, NULL, 1),
	(286, 1, 37, '2018-07-16 17:22:12', 0, 1, 7, NULL, 1),
	(287, 7, 37, '2018-07-16 17:22:12', 0, 1, 7, NULL, 1),
	(288, 7, 38, '2018-07-16 17:25:12', 0, 1, 7, NULL, 1),
	(289, 15, 38, '2018-07-16 17:25:13', 0, 1, 7, NULL, 1),
	(290, 14, 38, '2018-07-16 17:25:13', 0, 1, 7, NULL, 1),
	(291, 5, 38, '2018-07-16 17:25:13', 0, 1, 7, NULL, 1),
	(292, 4, 38, '2018-07-16 17:25:13', 0, 1, 7, NULL, 1),
	(293, 1, 38, '2018-07-16 17:25:13', 0, 1, 7, NULL, 1),
	(294, 16, 38, '2018-07-16 17:25:13', 0, 1, 7, NULL, 1),
	(295, 16, 39, '2018-07-16 17:29:54', 0, 1, 7, NULL, 1),
	(296, 16, 40, '2018-07-16 17:30:46', 0, 1, 7, NULL, 1),
	(297, 16, 41, '2018-07-16 17:32:58', 0, 1, 7, NULL, 1),
	(298, 15, 41, '2018-07-16 17:32:59', 0, 1, 7, NULL, 1),
	(299, 15, 42, '2018-07-16 17:33:55', 0, 2, 7, NULL, 1),
	(300, 7, 42, '2018-07-16 17:33:55', 0, 1, 7, NULL, 1),
	(301, 5, 43, '2018-07-16 17:35:50', 0, 1, 7, NULL, 1),
	(302, 16, 43, '2018-07-16 17:35:50', 0, 1, 7, NULL, 1),
	(303, 15, 43, '2018-07-16 17:35:50', 0, 1, 7, NULL, 1),
	(304, 7, 44, '2018-07-16 17:37:18', 0, 5, 7, NULL, 1),
	(305, 4, 44, '2018-07-16 17:37:18', 0, 4, 7, NULL, 1),
	(306, 7, 45, '2018-07-16 17:38:35', 0, 1, 7, NULL, 1),
	(307, 14, 45, '2018-07-16 17:38:35', 0, 1, 7, NULL, 1),
	(308, 5, 45, '2018-07-16 17:38:35', 0, 1, 7, NULL, 1),
	(309, 16, 45, '2018-07-16 17:38:35', 0, 1, 7, NULL, 1),
	(310, 4, 45, '2018-07-16 17:38:35', 0, 1, 7, NULL, 1),
	(311, 16, 46, '2018-07-16 17:40:55', 0, 2, 7, NULL, 1),
	(312, 5, 46, '2018-07-16 17:40:55', 0, 2, 7, NULL, 1),
	(313, 7, 47, '2018-07-16 17:41:21', 0, 1, 7, NULL, 1),
	(314, 15, 47, '2018-07-16 17:41:21', 0, 1, 7, NULL, 1),
	(315, 14, 47, '2018-07-16 17:41:21', 0, 1, 7, NULL, 1),
	(316, 16, 47, '2018-07-16 17:41:21', 0, 1, 7, NULL, 1),
	(317, 16, 48, '2018-07-16 17:43:16', 0, 1, 7, NULL, 1),
	(318, 15, 48, '2018-07-16 17:43:17', 0, 1, 7, NULL, 1),
	(319, 4, 48, '2018-07-16 17:43:17', 0, 1, 7, NULL, 1),
	(320, 5, 48, '2018-07-16 17:43:17', 0, 1, 7, NULL, 1),
	(321, 14, 48, '2018-07-16 17:43:17', 0, 1, 7, NULL, 1),
	(322, 16, 49, '2018-07-16 17:43:40', 0, 1, 7, NULL, 1),
	(323, 15, 49, '2018-07-16 17:43:40', 0, 1, 7, NULL, 1),
	(324, 14, 49, '2018-07-16 17:43:40', 0, 1, 7, NULL, 1),
	(325, 1, 49, '2018-07-16 17:43:40', 0, 1, 7, NULL, 1),
	(326, 4, 49, '2018-07-16 17:43:40', 0, 1, 7, NULL, 1),
	(327, 5, 49, '2018-07-16 17:43:40', 0, 1, 7, NULL, 1),
	(328, 16, 50, '2018-07-16 17:44:17', 0, 1, 7, NULL, 1),
	(329, 15, 50, '2018-07-16 17:44:17', 0, 1, 7, NULL, 1),
	(330, 5, 50, '2018-07-16 17:44:17', 0, 1, 7, NULL, 1),
	(331, 7, 50, '2018-07-16 17:44:17', 0, 1, 7, NULL, 1),
	(332, 4, 51, '2018-07-17 21:02:31', 0, 1, 7, NULL, 1),
	(333, 5, 51, '2018-07-17 21:02:31', 0, 1, 7, NULL, 1),
	(334, 7, 51, '2018-07-17 21:02:31', 0, 1, 7, NULL, 1),
	(335, 16, 51, '2018-07-17 21:02:31', 0, 1, 7, NULL, 1),
	(336, 15, 51, '2018-07-17 21:02:32', 0, 1, 7, NULL, 1),
	(337, 4, 52, '2018-07-18 00:31:48', 0, 1, 7, NULL, 1),
	(338, 5, 52, '2018-07-18 00:31:49', 0, 1, 7, NULL, 1),
	(339, 7, 52, '2018-07-18 00:31:49', 0, 1, 7, NULL, 1),
	(340, 14, 52, '2018-07-18 00:31:49', 0, 1, 7, NULL, 1),
	(341, 16, 52, '2018-07-18 00:31:49', 0, 1, 7, NULL, 1),
	(342, 16, 53, '2018-07-19 16:46:23', 0, 1, 7, NULL, 1),
	(343, 15, 53, '2018-07-19 16:46:23', 0, 1, 7, NULL, 1),
	(344, 4, 53, '2018-07-19 16:46:24', 0, 1, 7, NULL, 1),
	(345, 5, 53, '2018-07-19 16:46:24', 0, 1, 7, NULL, 1),
	(346, 7, 53, '2018-07-19 16:46:24', 0, 1, 7, NULL, 1),
	(347, 16, 53, '2018-07-19 16:46:40', 0, 1, 7, NULL, 1),
	(348, 7, 53, '2018-07-19 16:46:40', 0, 1, 7, NULL, 1),
	(349, 16, 54, '2018-07-19 17:47:25', 0, 1, 7, NULL, 1),
	(350, 7, 54, '2018-07-19 17:47:25', 0, 1, 7, NULL, 1),
	(351, 5, 54, '2018-07-19 17:47:25', 0, 1, 7, NULL, 1),
	(352, 4, 54, '2018-07-19 17:47:25', 0, 1, 7, NULL, 1),
	(353, 16, 54, '2018-07-19 17:48:34', 0, 2, 7, NULL, 1),
	(354, 4, 55, '2018-07-19 19:37:08', 0, 1, 7, NULL, 1),
	(355, 7, 55, '2018-07-19 19:37:10', 0, 1, 7, NULL, 1),
	(356, 15, 55, '2018-07-19 19:37:10', 0, 1, 7, NULL, 1),
	(357, 4, 55, '2018-07-19 19:37:55', 0, 1, 7, NULL, 1),
	(358, 7, 55, '2018-07-19 19:37:56', 0, 1, 7, NULL, 1),
	(359, 7, 55, '2018-07-19 19:41:14', 0, 1, 7, NULL, 1),
	(360, 7, 56, '2018-07-19 19:42:37', 0, 1, 7, NULL, 1),
	(361, 15, 56, '2018-07-19 19:42:37', 0, 1, 7, NULL, 1),
	(362, 4, 56, '2018-07-19 19:42:37', 0, 1, 7, NULL, 1),
	(363, 7, 56, '2018-07-19 19:44:57', 0, 1, 7, NULL, 1),
	(364, 4, 56, '2018-07-19 19:44:57', 0, 1, 7, NULL, 1),
	(365, 7, 56, '2018-07-19 19:48:09', 0, 1, 7, NULL, 1),
	(366, 7, 56, '2018-07-19 19:49:49', 0, 1, 7, NULL, 1),
	(367, 7, 56, '2018-07-19 19:50:39', 0, 1, 7, NULL, 1),
	(368, 7, 56, '2018-07-19 19:51:21', 0, 1, 7, NULL, 1),
	(369, 7, 57, '2018-07-19 19:51:46', 0, 1, 7, NULL, 1),
	(370, 4, 57, '2018-07-19 19:51:47', 0, 1, 7, NULL, 1),
	(371, 7, 57, '2018-07-19 19:51:57', 0, 1, 7, NULL, 1),
	(372, 7, 57, '2018-07-19 19:52:24', 0, 1, 7, NULL, 1),
	(373, 7, 57, '2018-07-19 19:52:41', 0, 1, 7, NULL, 1),
	(374, 4, 57, '2018-07-19 19:54:41', 0, 1, 7, NULL, 1),
	(375, 4, 57, '2018-07-19 19:55:01', 0, 1, 7, NULL, 1),
	(376, 4, 58, '2018-07-19 19:58:39', 0, 1, 7, NULL, 1),
	(377, 7, 58, '2018-07-19 19:58:39', 0, 1, 7, NULL, 1),
	(378, 4, 58, '2018-07-19 19:58:54', 0, 1, 7, NULL, 1),
	(379, 7, 58, '2018-07-19 20:04:46', 0, 1, 7, NULL, 1),
	(380, 7, 58, '2018-07-19 20:06:19', 0, 1, 7, NULL, 1),
	(381, 7, 58, '2018-07-19 20:06:55', 0, 1, 7, NULL, 1),
	(382, 7, 58, '2018-07-19 20:21:01', 0, 1, 7, NULL, 1),
	(383, 4, 58, '2018-07-19 20:24:25', 0, 1, 7, NULL, 1),
	(384, 4, 58, '2018-07-19 20:32:06', 0, 1, 7, NULL, 1),
	(385, 4, 58, '2018-07-19 20:32:24', 0, 1, 7, NULL, 1),
	(386, 4, 59, '2018-07-19 20:34:01', 0, 1, 7, NULL, 1),
	(387, 7, 59, '2018-07-19 20:34:01', 0, 1, 7, NULL, 1),
	(388, 4, 59, '2018-07-19 20:34:17', 0, 1, 7, NULL, 1),
	(389, 7, 59, '2018-07-19 20:37:22', 0, 1, 7, NULL, 1),
	(390, 4, 59, '2018-07-19 20:37:22', 0, 1, 7, NULL, 1),
	(391, 7, 61, '2018-07-20 19:15:14', 0, 1, 7, NULL, 1),
	(392, 14, 61, '2018-07-20 19:15:14', 0, 1, 7, NULL, 1),
	(393, 5, 61, '2018-07-20 19:15:14', 0, 1, 7, NULL, 1),
	(394, 16, 61, '2018-07-20 19:15:14', 0, 1, 7, NULL, 1),
	(395, 1, 61, '2018-07-20 19:15:14', 0, 1, 7, NULL, 1),
	(396, 14, 61, '2018-07-20 19:19:15', 0, 1, 7, NULL, 1),
	(397, 7, 61, '2018-07-20 19:19:15', 0, 1, 7, NULL, 1),
	(398, 1, 62, '2018-07-21 04:08:35', 0, 1, 7, NULL, 1),
	(399, 4, 62, '2018-07-21 04:08:35', 0, 1, 7, NULL, 1),
	(400, 5, 62, '2018-07-21 04:08:35', 0, 1, 7, NULL, 1),
	(401, 7, 62, '2018-07-21 04:08:35', 0, 1, 7, NULL, 1),
	(402, 14, 62, '2018-07-21 04:08:35', 0, 1, 7, NULL, 1),
	(403, 15, 62, '2018-07-21 04:08:35', 0, 1, 7, NULL, 1),
	(404, 16, 62, '2018-07-21 04:08:36', 0, 1, 7, NULL, 1),
	(405, 7, 63, '2018-07-21 04:10:16', 0, 2, 7, NULL, 1),
	(406, 5, 63, '2018-07-21 04:10:16', 0, 1, 7, NULL, 1),
	(407, 16, 63, '2018-07-21 04:10:16', 0, 2, 7, NULL, 1),
	(408, 4, 63, '2018-07-21 04:10:17', 0, 1, 7, NULL, 1),
	(409, 1, 63, '2018-07-21 04:10:17', 0, 1, 7, NULL, 1),
	(410, 15, 63, '2018-07-21 04:10:17', 0, 1, 7, NULL, 1),
	(411, 14, 63, '2018-07-21 04:10:17', 0, 2, 7, NULL, 1),
	(412, 1, 64, '2018-07-21 04:21:36', 0, 1, 7, NULL, 1),
	(413, 4, 64, '2018-07-21 04:21:36', 0, 1, 7, NULL, 1),
	(414, 5, 64, '2018-07-21 04:21:36', 0, 1, 7, NULL, 1),
	(415, 7, 64, '2018-07-21 04:21:36', 0, 1, 7, NULL, 1),
	(416, 14, 64, '2018-07-21 04:21:36', 0, 1, 7, NULL, 1),
	(417, 15, 64, '2018-07-21 04:21:37', 0, 1, 7, NULL, 1),
	(418, 1, 65, '2018-07-21 04:24:25', 0, 1, 7, NULL, 1),
	(419, 4, 65, '2018-07-21 04:24:25', 0, 1, 7, NULL, 1),
	(420, 5, 65, '2018-07-21 04:24:25', 0, 1, 7, NULL, 1),
	(421, 7, 65, '2018-07-21 04:24:25', 0, 1, 7, NULL, 1),
	(422, 14, 65, '2018-07-21 04:24:25', 0, 1, 7, NULL, 1),
	(423, 15, 65, '2018-07-21 04:24:25', 0, 1, 7, NULL, 1),
	(424, 16, 65, '2018-07-21 04:24:25', 0, 1, 7, NULL, 1),
	(425, 1, 66, '2018-07-21 04:26:32', 0, 1, 7, NULL, 1),
	(426, 4, 66, '2018-07-21 04:26:32', 0, 1, 7, NULL, 1),
	(427, 5, 66, '2018-07-21 04:26:32', 0, 1, 7, NULL, 1),
	(428, 7, 66, '2018-07-21 04:26:32', 0, 1, 7, NULL, 1),
	(429, 14, 66, '2018-07-21 04:26:32', 0, 1, 7, NULL, 1),
	(430, 15, 66, '2018-07-21 04:26:32', 0, 1, 7, NULL, 1),
	(431, 16, 66, '2018-07-21 04:26:32', 0, 1, 7, NULL, 1),
	(432, 1, 67, '2018-07-21 04:29:52', 0, 1, 7, NULL, 1),
	(433, 4, 67, '2018-07-21 04:29:52', 0, 1, 7, NULL, 1),
	(434, 5, 67, '2018-07-21 04:29:52', 0, 1, 7, NULL, 1),
	(435, 7, 67, '2018-07-21 04:29:52', 0, 1, 7, NULL, 1),
	(436, 14, 67, '2018-07-21 04:29:52', 0, 1, 7, NULL, 1),
	(437, 15, 67, '2018-07-21 04:29:52', 0, 1, 7, NULL, 1),
	(438, 16, 67, '2018-07-21 04:29:52', 0, 1, 7, NULL, 1),
	(439, 1, 68, '2018-07-21 04:32:17', 0, 1, 7, NULL, 1),
	(440, 4, 68, '2018-07-21 04:32:17', 0, 1, 7, NULL, 1),
	(441, 5, 68, '2018-07-21 04:32:17', 0, 1, 7, NULL, 1),
	(442, 7, 68, '2018-07-21 04:32:17', 0, 1, 7, NULL, 1),
	(443, 14, 68, '2018-07-21 04:32:17', 0, 1, 7, NULL, 1),
	(444, 15, 68, '2018-07-21 04:32:17', 0, 1, 7, NULL, 1),
	(445, 16, 68, '2018-07-21 04:32:17', 0, 1, 7, NULL, 1),
	(446, 1, 69, '2018-07-21 04:34:07', 0, 1, 7, NULL, 1),
	(447, 4, 69, '2018-07-21 04:34:08', 0, 1, 7, NULL, 1),
	(448, 5, 69, '2018-07-21 04:34:08', 0, 1, 7, NULL, 1),
	(449, 7, 69, '2018-07-21 04:34:08', 0, 1, 7, NULL, 1),
	(450, 14, 69, '2018-07-21 04:34:08', 0, 1, 7, NULL, 1),
	(451, 15, 69, '2018-07-21 04:34:08', 0, 1, 7, NULL, 1),
	(452, 16, 69, '2018-07-21 04:34:08', 0, 1, 7, NULL, 1),
	(453, 7, 70, '2018-07-21 04:35:15', 0, 1, 7, NULL, 1),
	(454, 5, 70, '2018-07-21 04:35:15', 0, 1, 7, NULL, 1),
	(455, 4, 70, '2018-07-21 04:35:15', 0, 1, 7, NULL, 1),
	(456, 1, 70, '2018-07-21 04:35:15', 0, 1, 7, NULL, 1),
	(457, 15, 70, '2018-07-21 04:35:15', 0, 1, 7, NULL, 1),
	(458, 16, 70, '2018-07-21 04:35:15', 0, 1, 7, NULL, 1),
	(459, 14, 70, '2018-07-21 04:35:15', 0, 1, 7, NULL, 1),
	(460, 1, 71, '2018-07-21 04:38:32', 0, 1, 7, NULL, 1),
	(461, 4, 71, '2018-07-21 04:38:32', 0, 1, 7, NULL, 1),
	(462, 5, 71, '2018-07-21 04:38:32', 0, 1, 7, NULL, 1),
	(463, 7, 71, '2018-07-21 04:38:32', 0, 1, 7, NULL, 1),
	(464, 14, 71, '2018-07-21 04:38:32', 0, 1, 7, NULL, 1),
	(465, 15, 71, '2018-07-21 04:38:32', 0, 1, 7, NULL, 1),
	(466, 16, 71, '2018-07-21 04:38:32', 0, 1, 7, NULL, 1),
	(467, 1, 72, '2018-07-21 04:40:43', 0, 1, 7, NULL, 1),
	(468, 4, 72, '2018-07-21 04:40:43', 0, 1, 7, NULL, 1),
	(469, 5, 72, '2018-07-21 04:40:44', 0, 1, 7, NULL, 1),
	(470, 7, 72, '2018-07-21 04:40:44', 0, 1, 7, NULL, 1),
	(471, 14, 72, '2018-07-21 04:40:44', 0, 1, 7, NULL, 1),
	(472, 15, 72, '2018-07-21 04:40:44', 0, 1, 7, NULL, 1),
	(473, 16, 72, '2018-07-21 04:40:44', 0, 1, 7, NULL, 1),
	(474, 1, 73, '2018-07-21 04:45:24', 0, 1, 7, NULL, 1),
	(475, 4, 73, '2018-07-21 04:45:25', 0, 1, 7, NULL, 1),
	(476, 16, 73, '2018-07-21 04:45:25', 0, 1, 7, NULL, 1),
	(477, 7, 73, '2018-07-21 04:45:25', 0, 1, 7, NULL, 1),
	(478, 15, 73, '2018-07-21 04:45:25', 0, 1, 7, NULL, 1),
	(479, 5, 73, '2018-07-21 04:45:25', 0, 1, 7, NULL, 1),
	(480, 14, 73, '2018-07-21 04:45:25', 0, 1, 7, NULL, 1),
	(481, 7, 74, '2018-07-21 04:49:25', 0, 2, 7, NULL, 1),
	(482, 4, 74, '2018-07-21 04:49:25', 0, 1, 7, NULL, 1),
	(483, 1, 74, '2018-07-21 04:49:25', 0, 1, 7, NULL, 1),
	(484, 16, 74, '2018-07-21 04:49:25', 0, 1, 7, NULL, 1),
	(485, 15, 74, '2018-07-21 04:49:25', 0, 1, 7, NULL, 1),
	(486, 5, 74, '2018-07-21 04:49:25', 0, 1, 7, NULL, 1),
	(487, 14, 74, '2018-07-21 04:49:25', 0, 1, 7, NULL, 1),
	(488, 1, 75, '2018-07-21 04:50:52', 0, 1, 7, NULL, 1),
	(489, 4, 75, '2018-07-21 04:50:52', 0, 1, 7, NULL, 1),
	(490, 16, 75, '2018-07-21 04:50:52', 0, 1, 7, NULL, 1),
	(491, 7, 75, '2018-07-21 04:50:52', 0, 1, 7, NULL, 1),
	(492, 15, 75, '2018-07-21 04:50:52', 0, 1, 7, NULL, 1),
	(493, 5, 75, '2018-07-21 04:50:52', 0, 1, 7, NULL, 1),
	(494, 14, 75, '2018-07-21 04:50:52', 0, 1, 7, NULL, 1),
	(495, 1, 76, '2018-07-21 04:54:20', 0, 1, 7, NULL, 1),
	(496, 4, 76, '2018-07-21 04:54:20', 0, 1, 7, NULL, 1),
	(497, 16, 76, '2018-07-21 04:54:20', 0, 1, 7, NULL, 1),
	(498, 7, 76, '2018-07-21 04:54:20', 0, 1, 7, NULL, 1),
	(499, 15, 76, '2018-07-21 04:54:20', 0, 1, 7, NULL, 1),
	(500, 5, 76, '2018-07-21 04:54:20', 0, 1, 7, NULL, 1),
	(501, 14, 76, '2018-07-21 04:54:20', 0, 1, 7, NULL, 1),
	(502, 1, 77, '2018-07-21 04:57:16', 0, 1, 7, NULL, 1),
	(503, 4, 77, '2018-07-21 04:57:17', 0, 1, 7, NULL, 1),
	(504, 16, 77, '2018-07-21 04:57:17', 0, 1, 7, NULL, 1),
	(505, 7, 77, '2018-07-21 04:57:17', 0, 1, 7, NULL, 1),
	(506, 15, 77, '2018-07-21 04:57:17', 0, 1, 7, NULL, 1),
	(507, 5, 77, '2018-07-21 04:57:17', 0, 1, 7, NULL, 1),
	(508, 14, 77, '2018-07-21 04:57:17', 0, 1, 7, NULL, 1),
	(509, 1, 78, '2018-07-21 04:58:44', 0, 1, 7, NULL, 1),
	(510, 4, 78, '2018-07-21 04:58:44', 0, 1, 7, NULL, 1),
	(511, 16, 78, '2018-07-21 04:58:44', 0, 1, 7, NULL, 1),
	(512, 7, 78, '2018-07-21 04:58:44', 0, 1, 7, NULL, 1),
	(513, 15, 78, '2018-07-21 04:58:44', 0, 1, 7, NULL, 1),
	(514, 5, 78, '2018-07-21 04:58:44', 0, 1, 7, NULL, 1),
	(515, 14, 78, '2018-07-21 04:58:45', 0, 1, 7, NULL, 1),
	(516, 1, 78, '2018-07-21 05:00:53', 0, 1, 7, NULL, 1),
	(517, 4, 78, '2018-07-21 05:00:54', 0, 1, 7, NULL, 1),
	(518, 16, 78, '2018-07-21 05:00:54', 0, 1, 7, NULL, 1),
	(519, 7, 78, '2018-07-21 05:00:54', 0, 1, 7, NULL, 1),
	(520, 15, 78, '2018-07-21 05:00:54', 0, 1, 7, NULL, 1),
	(521, 5, 78, '2018-07-21 05:00:54', 0, 1, 7, NULL, 1),
	(522, 14, 78, '2018-07-21 05:00:54', 0, 1, 7, NULL, 1);
/*!40000 ALTER TABLE `rekam_stok` ENABLE KEYS */;

-- Dumping structure for table rolagpos.transaksi
CREATE TABLE IF NOT EXISTS `transaksi` (
  `transaksi_id` int(11) NOT NULL AUTO_INCREMENT,
  `tanggal_transaksi` datetime NOT NULL,
  `tgl_update` datetime NOT NULL,
  `operator_id` int(11) NOT NULL,
  `total` int(11) NOT NULL,
  `uang_diterima` int(11) NOT NULL,
  `ruang` int(11) NOT NULL,
  `ppn` int(11) NOT NULL,
  `discount` int(11) NOT NULL,
  `status` int(11) NOT NULL DEFAULT '0',
  `refund_id` int(11) NOT NULL,
  PRIMARY KEY (`transaksi_id`)
) ENGINE=MyISAM AUTO_INCREMENT=79 DEFAULT CHARSET=latin1;

-- Dumping data for table rolagpos.transaksi: 78 rows
DELETE FROM `transaksi`;
/*!40000 ALTER TABLE `transaksi` DISABLE KEYS */;
INSERT INTO `transaksi` (`transaksi_id`, `tanggal_transaksi`, `tgl_update`, `operator_id`, `total`, `uang_diterima`, `ruang`, `ppn`, `discount`, `status`, `refund_id`) VALUES
	(1, '2018-07-10 00:00:00', '0000-00-00 00:00:00', 7, 16300, 20000, 53, 1630, 0, 1, 0),
	(2, '2018-07-10 00:00:00', '0000-00-00 00:00:00', 7, 14000, 20000, 52, 1400, 0, 1, 0),
	(3, '2018-07-10 22:08:06', '2018-07-10 22:09:53', 7, 17800, 40000, 5, 1780, 0, 1, 0),
	(4, '2018-07-11 02:54:42', '2018-07-11 03:20:31', 8, 617800, 700000, 2, 61780, 0, 1, 0),
	(5, '2018-07-11 03:11:23', '2018-07-11 03:11:23', 7, 53800, 0, 8, 5380, 0, 1, 0),
	(6, '2018-07-11 03:15:11', '2018-07-11 03:21:06', 8, 662300, 6000000, 3, 66230, 0, 1, 0),
	(7, '2018-07-11 03:22:14', '2018-07-11 03:25:44', 7, 64000, 80000, 4, 6400, 0, 1, 0),
	(8, '2018-07-11 03:30:09', '2018-07-11 03:30:09', 8, 66300, 0, 5, 6630, 0, 1, 0),
	(9, '2018-07-11 03:33:11', '2018-07-11 03:35:14', 8, 64000, 80000, 6, 6400, 0, 1, 0),
	(10, '2018-07-11 03:35:32', '2018-07-11 03:37:14', 7, 64000, 90000, 9, 6400, 0, 1, 0),
	(11, '2018-07-11 03:37:26', '2018-07-11 04:00:18', 7, 60000, 70000, 25, 6000, 0, 1, 0),
	(12, '2018-07-11 03:51:59', '2018-07-11 03:59:51', 7, 57800, 70000, 6, 5780, 0, 1, 0),
	(13, '2018-07-11 03:56:20', '2018-07-11 04:00:29', 7, 96300, 130000, 26, 9630, 0, 1, 0),
	(14, '2018-07-11 03:59:25', '2018-07-11 04:00:03', 7, 63800, 80000, 24, 6380, 0, 1, 0),
	(15, '2018-07-11 04:03:16', '2018-07-11 05:44:10', 7, 114000, 800000, 7, 11400, 0, 1, 0),
	(16, '2018-07-11 05:42:54', '2018-07-11 05:42:54', 7, 97800, 800000, 6, 9780, 0, 1, 0),
	(17, '2018-07-12 17:34:28', '2018-07-12 17:34:28', 7, 709300, 800000, 13, 70930, 0, 1, 0),
	(18, '2018-07-12 17:39:41', '2018-07-12 17:39:41', 7, 707800, 800000, 22, 70780, 0, 1, 0),
	(19, '2018-07-12 17:48:23', '2018-07-12 17:48:23', 7, 707800, 900000, 38, 70780, 0, 1, 0),
	(20, '2018-07-12 17:56:51', '2018-07-12 17:56:51', 7, 707800, 800000, 15, 70780, 0, 1, 0),
	(21, '2018-07-12 19:13:29', '2018-07-12 19:13:29', 7, 703800, 0, 25, 70380, 0, 1, 0),
	(22, '2018-07-12 19:17:39', '2018-07-12 21:13:19', 7, 67800, 78000, 33, 6780, 0, 1, 0),
	(23, '2018-07-12 19:19:47', '2018-07-12 19:19:47', 7, 697800, 0, 15, 69780, 0, 0, 0),
	(24, '2018-07-12 19:22:13', '2018-07-12 19:22:13', 7, 107800, 0, 40, 10780, 0, 0, 0),
	(25, '2018-07-12 19:22:42', '2018-07-12 19:22:42', 7, 14000, 0, 39, 1400, 0, 0, 0),
	(26, '2018-07-12 19:24:39', '2018-07-12 22:06:59', 7, 746300, 900000, 48, 74630, 0, 1, 0),
	(27, '2018-07-12 22:07:15', '2018-07-12 22:07:15', 7, 664000, 0, 37, 66400, 0, 0, 0),
	(28, '2018-07-12 22:11:02', '2018-07-12 22:11:02', 7, 696300, 0, 27, 69630, 0, 0, 0),
	(29, '2018-07-13 15:53:48', '2018-07-13 15:53:48', 7, 696300, 800000, 16, 69630, 0, 1, 0),
	(30, '2018-07-16 16:33:50', '2018-07-16 16:33:50', 7, 153800, 170000, 14, 15380, 0, 1, 0),
	(31, '2018-07-16 16:38:15', '2018-07-16 16:38:15', 7, 692300, 900000, 40, 69230, 0, 1, 0),
	(32, '2018-07-16 16:53:08', '2018-07-16 16:53:08', 7, 747800, 950000, 14, 74780, 0, 1, 0),
	(33, '2018-07-16 16:55:17', '2018-07-16 17:19:18', 7, 1305600, 1600000, 25, 130560, 0, 1, 0),
	(34, '2018-07-16 16:55:59', '2018-07-16 17:19:28', 7, 44000, 50000, 26, 4400, 0, 1, 0),
	(35, '2018-07-16 16:56:17', '2018-07-16 17:19:37', 7, 44000, 50000, 27, 4400, 0, 1, 0),
	(36, '2018-07-16 16:57:28', '2018-07-16 17:19:46', 7, 797800, 900000, 28, 79780, 0, 1, 0),
	(37, '2018-07-16 17:22:12', '2018-07-16 17:22:12', 7, 704000, 800000, 4, 70400, 0, 1, 0),
	(38, '2018-07-16 17:25:12', '2018-07-16 17:25:12', 7, 707800, 800000, 28, 70780, 0, 1, 0),
	(39, '2018-07-16 17:29:54', '2018-07-16 17:29:54', 7, 50000, 60000, 26, 5000, 0, 1, 0),
	(40, '2018-07-16 17:30:46', '2018-07-16 17:30:46', 7, 50000, 60000, 27, 5000, 0, 1, 0),
	(41, '2018-07-16 17:32:58', '2018-07-16 17:32:58', 7, 90000, 100000, 7, 9000, 0, 1, 0),
	(42, '2018-07-16 17:33:55', '2018-07-16 17:33:55', 7, 40000, 0, 21, 4000, 0, 0, 0),
	(43, '2018-07-16 17:35:50', '2018-07-16 17:35:50', 7, 50000, 0, 24, 5000, 0, 0, 0),
	(44, '2018-07-16 17:37:18', '2018-07-17 21:02:24', 7, 22000, 30000, 14, 2200, 0, 1, 0),
	(45, '2018-07-16 17:38:35', '2018-07-16 17:38:35', 7, 67800, 80000, 23, 6780, 0, 1, 0),
	(46, '2018-07-16 17:40:55', '2018-07-16 17:40:55', 7, 104600, 200000, 25, 10460, 0, 1, 0),
	(47, '2018-07-16 17:41:21', '2018-07-16 17:41:21', 7, 104000, 150000, 20, 10400, 0, 1, 0),
	(48, '2018-07-16 17:43:16', '2018-07-16 17:43:16', 7, 53800, 0, 26, 5380, 0, 0, 0),
	(49, '2018-07-16 17:43:40', '2018-07-16 17:43:40', 7, 703800, 800000, 36, 70380, 0, 1, 0),
	(50, '2018-07-16 17:44:17', '2018-07-16 17:44:17', 7, 96300, 130000, 47, 9630, 0, 1, 0),
	(51, '2018-07-17 21:02:31', '2018-07-17 21:03:23', 7, 43800, 50000, 27, 4380, 0, 1, 0),
	(52, '2018-07-18 00:31:48', '2018-07-18 00:32:34', 7, 65500, 80000, 38, 6550, 0, 1, 0),
	(53, '2018-07-19 16:46:23', '2018-07-19 17:21:19', 7, 97800, 200000, 36, 9780, 0, 1, 0),
	(54, '2018-07-19 17:47:25', '2018-07-19 17:54:08', 7, 157800, 200000, 36, 15780, 0, 1, 0),
	(55, '2018-07-19 19:37:08', '2018-07-19 19:41:38', 7, 49500, 60000, 40, 4950, 0, 1, 0),
	(56, '2018-07-19 19:42:37', '2018-07-19 19:51:38', 7, 67000, 75000, 18, 6700, 0, 1, 0),
	(57, '2018-07-19 19:51:46', '2018-07-19 19:55:25', 7, 20500, 30000, 12, 2050, 0, 1, 0),
	(58, '2018-07-19 19:58:39', '2018-07-19 20:33:02', 7, 27500, 50000, 17, 2750, 0, 1, 0),
	(59, '2018-07-19 20:34:01', '2018-07-19 20:34:01', 7, 12500, 0, 4, 1250, 0, 1, 0),
	(60, '2018-07-19 21:41:18', '2018-07-19 21:41:18', 7, -12500, 0, 4, -1250, 0, 1, 59),
	(61, '2018-07-20 19:15:14', '2018-07-21 01:57:52', 7, 680300, 900000, 10, 68030, 0, 1, 0),
	(62, '2018-07-21 04:08:35', '2018-07-21 04:08:35', 7, 707800, 900000, 22, 70780, 0, 1, 0),
	(63, '2018-07-21 04:10:16', '2018-07-21 04:10:16', 7, 771800, 1000000, 23, 77180, 0, 1, 0),
	(64, '2018-07-21 04:21:36', '2018-07-21 04:21:36', 7, 657800, 800000, 22, 65780, 0, 1, 0),
	(65, '2018-07-21 04:24:25', '2018-07-21 04:24:25', 7, 707800, 800000, 22, 70780, 0, 1, 0),
	(66, '2018-07-21 04:26:32', '2018-07-21 04:26:32', 7, 707800, 900000, 38, 70780, 0, 1, 0),
	(67, '2018-07-21 04:29:52', '2018-07-21 04:29:52', 7, 707800, 800000, 28, 70780, 0, 1, 0),
	(68, '2018-07-21 04:32:17', '2018-07-21 04:32:17', 7, 707800, 900000, 22, 70780, 0, 1, 0),
	(69, '2018-07-21 04:34:07', '2018-07-21 04:34:07', 7, 707800, 800000, 37, 70780, 0, 1, 0),
	(70, '2018-07-21 04:35:15', '2018-07-21 04:35:15', 7, 707800, 800000, 7, 70780, 0, 1, 0),
	(71, '2018-07-21 04:38:32', '2018-07-21 04:38:32', 7, 707800, 900000, 3, 70780, 0, 1, 0),
	(72, '2018-07-21 04:40:43', '2018-07-21 04:40:43', 7, 707800, 900000, 6, 70780, 0, 1, 0),
	(73, '2018-07-21 04:45:24', '2018-07-21 04:45:24', 7, 707800, 900000, 6, 70780, 0, 1, 0),
	(74, '2018-07-21 04:49:25', '2018-07-21 04:49:25', 7, 711800, 900000, 9, 71180, 0, 1, 0),
	(75, '2018-07-21 04:50:52', '2018-07-21 04:50:52', 7, 707800, 800000, 22, 70780, 0, 1, 0),
	(76, '2018-07-21 04:54:20', '2018-07-21 04:54:20', 7, 707800, 800000, 22, 70780, 0, 1, 0),
	(77, '2018-07-21 04:57:16', '2018-07-21 04:57:16', 7, 707800, 900000, 4, 70780, 0, 1, 0),
	(78, '2018-07-21 04:58:44', '2018-07-21 05:01:16', 7, 1415600, 2000000, 24, 141560, 0, 1, 0);
/*!40000 ALTER TABLE `transaksi` ENABLE KEYS */;

-- Dumping structure for table rolagpos.transaksi_detail
CREATE TABLE IF NOT EXISTS `transaksi_detail` (
  `t_detail_id` int(11) NOT NULL AUTO_INCREMENT,
  `barang_id` int(11) NOT NULL,
  `qty` int(11) NOT NULL,
  `transaksi_id` int(11) NOT NULL,
  `harga` int(11) NOT NULL,
  `status` enum('0','1') NOT NULL COMMENT '1= sudah diproses , 0 belum diproses',
  PRIMARY KEY (`t_detail_id`)
) ENGINE=MyISAM AUTO_INCREMENT=415 DEFAULT CHARSET=latin1;

-- Dumping data for table rolagpos.transaksi_detail: 414 rows
DELETE FROM `transaksi_detail`;
/*!40000 ALTER TABLE `transaksi_detail` DISABLE KEYS */;
INSERT INTO `transaksi_detail` (`t_detail_id`, `barang_id`, `qty`, `transaksi_id`, `harga`, `status`) VALUES
	(1, 14, 1, 0, 10000, '1'),
	(2, 7, 1, 0, 4000, '1'),
	(3, 5, 1, 0, 2300, '1'),
	(4, 4, 1, 0, 1500, '1'),
	(5, 14, 1, 0, 10000, '1'),
	(6, 7, 1, 0, 4000, '1'),
	(7, 5, 1, 0, 2300, '1'),
	(8, 4, 1, 0, 1500, '1'),
	(9, 14, 1, 0, 10000, '1'),
	(10, 7, 1, 0, 4000, '1'),
	(11, 5, 1, 0, 2300, '1'),
	(12, 4, 1, 0, 1500, '1'),
	(13, 14, 1, 0, 10000, '1'),
	(14, 7, 1, 0, 4000, '1'),
	(15, 5, 1, 0, 2300, '1'),
	(16, 14, 1, 0, 10000, '1'),
	(17, 7, 1, 0, 4000, '1'),
	(18, 5, 1, 0, 2300, '1'),
	(19, 5, 1, 1, 2300, '1'),
	(20, 7, 1, 1, 4000, '1'),
	(21, 14, 1, 1, 10000, '1'),
	(22, 7, 1, 2, 4000, '1'),
	(23, 14, 1, 2, 10000, '1'),
	(24, 5, 1, 3, 2300, '1'),
	(25, 4, 1, 3, 1500, '1'),
	(26, 7, 1, 3, 4000, '1'),
	(27, 14, 1, 3, 10000, '1'),
	(28, 1, 1, 4, 600000, '1'),
	(29, 4, 1, 4, 1500, '1'),
	(30, 5, 1, 4, 2300, '1'),
	(31, 7, 1, 4, 4000, '1'),
	(32, 14, 1, 4, 10000, '1'),
	(33, 16, 1, 5, 50000, '1'),
	(34, 4, 1, 5, 1500, '1'),
	(35, 5, 1, 5, 2300, '1'),
	(36, 5, 1, 6, 2300, '1'),
	(37, 14, 1, 6, 10000, '1'),
	(38, 16, 1, 6, 50000, '1'),
	(39, 1, 1, 6, 600000, '1'),
	(40, 7, 1, 7, 4000, '1'),
	(41, 14, 1, 7, 10000, '1'),
	(42, 16, 1, 7, 50000, '1'),
	(43, 7, 1, 8, 4000, '1'),
	(44, 14, 1, 8, 10000, '1'),
	(45, 16, 1, 8, 50000, '1'),
	(46, 5, 1, 8, 2300, '1'),
	(47, 7, 1, 9, 4000, '1'),
	(48, 14, 1, 9, 10000, '1'),
	(49, 16, 1, 9, 50000, '1'),
	(50, 14, 1, 10, 10000, '1'),
	(51, 7, 1, 10, 4000, '1'),
	(52, 16, 1, 10, 50000, '1'),
	(53, 14, 1, 11, 10000, '1'),
	(54, 16, 1, 11, 50000, '1'),
	(55, 7, 1, 12, 4000, '1'),
	(56, 16, 1, 12, 50000, '1'),
	(57, 5, 1, 12, 2300, '1'),
	(58, 4, 1, 12, 1500, '1'),
	(59, 7, 1, 13, 4000, '1'),
	(60, 5, 1, 13, 2300, '1'),
	(61, 16, 1, 13, 50000, '1'),
	(62, 15, 1, 13, 40000, '1'),
	(63, 14, 1, 14, 10000, '1'),
	(64, 5, 1, 14, 2300, '1'),
	(65, 4, 1, 14, 1500, '1'),
	(66, 16, 1, 14, 50000, '1'),
	(67, 14, 1, 15, 10000, '1'),
	(68, 16, 2, 15, 50000, '1'),
	(69, 7, 1, 15, 4000, '1'),
	(70, 14, 1, 15, 10000, '1'),
	(71, 16, 1, 15, 50000, '1'),
	(72, 7, 1, 16, 4000, '1'),
	(73, 5, 1, 16, 2300, '1'),
	(74, 16, 1, 16, 50000, '1'),
	(75, 4, 1, 16, 1500, '1'),
	(76, 15, 1, 16, 40000, '1'),
	(77, 4, 2, 17, 1500, '1'),
	(78, 5, 1, 17, 2300, '1'),
	(79, 7, 1, 17, 4000, '1'),
	(80, 16, 1, 17, 50000, '1'),
	(81, 15, 1, 17, 40000, '1'),
	(82, 14, 1, 17, 10000, '1'),
	(83, 1, 1, 17, 600000, '1'),
	(84, 7, 1, 18, 4000, '1'),
	(85, 14, 1, 18, 10000, '1'),
	(86, 5, 1, 18, 2300, '1'),
	(87, 4, 1, 18, 1500, '1'),
	(88, 16, 1, 18, 50000, '1'),
	(89, 15, 1, 18, 40000, '1'),
	(90, 1, 1, 18, 600000, '1'),
	(91, 14, 1, 19, 10000, '1'),
	(92, 7, 1, 19, 4000, '1'),
	(93, 5, 1, 19, 2300, '1'),
	(94, 4, 1, 19, 1500, '1'),
	(95, 1, 1, 19, 600000, '1'),
	(96, 16, 1, 19, 50000, '1'),
	(97, 15, 1, 19, 40000, '1'),
	(98, 5, 1, 20, 2300, '1'),
	(99, 7, 1, 20, 4000, '1'),
	(100, 16, 1, 20, 50000, '1'),
	(101, 15, 1, 20, 40000, '1'),
	(102, 14, 1, 20, 10000, '1'),
	(103, 4, 1, 20, 1500, '1'),
	(104, 1, 1, 20, 600000, '1'),
	(105, 16, 1, 21, 50000, '1'),
	(106, 15, 1, 21, 40000, '1'),
	(107, 14, 1, 21, 10000, '1'),
	(108, 1, 1, 21, 600000, '1'),
	(109, 4, 1, 21, 1500, '1'),
	(110, 5, 1, 21, 2300, '1'),
	(111, 5, 1, 22, 2300, '1'),
	(112, 7, 1, 22, 4000, '1'),
	(113, 14, 1, 22, 10000, '1'),
	(114, 16, 1, 22, 50000, '1'),
	(115, 4, 1, 22, 1500, '1'),
	(116, 16, 1, 23, 50000, '1'),
	(117, 5, 1, 23, 2300, '1'),
	(118, 7, 1, 23, 4000, '1'),
	(119, 15, 1, 23, 40000, '1'),
	(120, 1, 1, 23, 600000, '1'),
	(121, 4, 1, 23, 1500, '1'),
	(122, 5, 1, 24, 2300, '1'),
	(123, 7, 1, 24, 4000, '1'),
	(124, 14, 1, 24, 10000, '1'),
	(125, 4, 1, 24, 1500, '1'),
	(126, 16, 1, 24, 50000, '1'),
	(127, 15, 1, 24, 40000, '1'),
	(128, 7, 1, 25, 4000, '1'),
	(129, 14, 1, 25, 10000, '1'),
	(130, 5, 1, 26, 2300, '1'),
	(131, 7, 1, 26, 4000, '1'),
	(132, 16, 2, 26, 50000, '1'),
	(133, 15, 1, 26, 40000, '1'),
	(134, 1, 1, 26, 600000, '1'),
	(135, 14, 1, 27, 10000, '1'),
	(136, 7, 1, 27, 4000, '1'),
	(137, 16, 1, 27, 50000, '1'),
	(138, 1, 1, 27, 600000, '1'),
	(139, 16, 1, 28, 50000, '1'),
	(140, 1, 1, 28, 600000, '1'),
	(141, 5, 1, 28, 2300, '1'),
	(142, 7, 1, 28, 4000, '1'),
	(143, 15, 1, 28, 40000, '1'),
	(144, 16, 2, 23, 50000, '1'),
	(145, 7, 1, 23, 4000, '1'),
	(146, 15, 1, 23, 40000, '1'),
	(147, 5, 1, 29, 2300, '1'),
	(148, 16, 1, 29, 50000, '1'),
	(149, 15, 1, 29, 40000, '1'),
	(150, 1, 1, 29, 600000, '1'),
	(151, 7, 1, 29, 4000, '1'),
	(152, 16, 2, 30, 50000, '1'),
	(153, 5, 1, 30, 2300, '1'),
	(154, 4, 1, 30, 1500, '1'),
	(155, 15, 1, 30, 40000, '1'),
	(156, 14, 1, 30, 10000, '1'),
	(157, 16, 1, 31, 50000, '1'),
	(158, 15, 1, 31, 40000, '1'),
	(159, 1, 1, 31, 600000, '1'),
	(160, 5, 1, 31, 2300, '1'),
	(161, 7, 1, 32, 4000, '1'),
	(162, 15, 1, 32, 40000, '1'),
	(163, 16, 2, 32, 50000, '1'),
	(164, 5, 1, 32, 2300, '1'),
	(165, 1, 1, 32, 600000, '1'),
	(166, 4, 1, 32, 1500, '1'),
	(167, 15, 2, 33, 40000, '1'),
	(168, 7, 2, 33, 4000, '1'),
	(169, 4, 2, 33, 1500, '1'),
	(170, 1, 2, 33, 600000, '1'),
	(171, 5, 2, 33, 2300, '1'),
	(172, 14, 1, 33, 10000, '1'),
	(173, 7, 1, 34, 4000, '1'),
	(174, 15, 1, 34, 40000, '1'),
	(175, 7, 1, 35, 4000, '1'),
	(176, 15, 1, 35, 40000, '1'),
	(177, 16, 2, 36, 50000, '1'),
	(178, 5, 1, 36, 2300, '1'),
	(179, 4, 1, 36, 1500, '1'),
	(180, 15, 2, 36, 40000, '1'),
	(181, 14, 1, 36, 10000, '1'),
	(182, 1, 1, 36, 600000, '1'),
	(183, 7, 1, 36, 4000, '1'),
	(184, 16, 1, 37, 50000, '1'),
	(185, 15, 1, 37, 40000, '1'),
	(186, 14, 1, 37, 10000, '1'),
	(187, 1, 1, 37, 600000, '1'),
	(188, 7, 1, 37, 4000, '1'),
	(189, 7, 1, 38, 4000, '1'),
	(190, 15, 1, 38, 40000, '1'),
	(191, 14, 1, 38, 10000, '1'),
	(192, 5, 1, 38, 2300, '1'),
	(193, 4, 1, 38, 1500, '1'),
	(194, 1, 1, 38, 600000, '1'),
	(195, 16, 1, 38, 50000, '1'),
	(196, 16, 1, 39, 50000, '1'),
	(197, 16, 1, 40, 50000, '1'),
	(198, 16, 1, 41, 50000, '1'),
	(199, 15, 1, 41, 40000, '1'),
	(200, 15, 2, 42, 40000, '1'),
	(201, 7, 1, 42, 4000, '1'),
	(202, 5, 1, 43, 2300, '1'),
	(203, 16, 1, 43, 50000, '1'),
	(204, 15, 1, 43, 40000, '1'),
	(205, 7, 5, 44, 4000, '1'),
	(206, 4, 4, 44, 1500, '1'),
	(207, 7, 1, 45, 4000, '1'),
	(208, 14, 1, 45, 10000, '1'),
	(209, 5, 1, 45, 2300, '1'),
	(210, 16, 1, 45, 50000, '1'),
	(211, 4, 1, 45, 1500, '1'),
	(212, 16, 2, 46, 50000, '1'),
	(213, 5, 2, 46, 2300, '1'),
	(214, 7, 1, 47, 4000, '1'),
	(215, 15, 1, 47, 40000, '1'),
	(216, 14, 1, 47, 10000, '1'),
	(217, 16, 1, 47, 50000, '1'),
	(218, 16, 1, 48, 50000, '1'),
	(219, 15, 1, 48, 40000, '1'),
	(220, 4, 1, 48, 1500, '1'),
	(221, 5, 1, 48, 2300, '1'),
	(222, 14, 1, 48, 10000, '1'),
	(223, 16, 1, 49, 50000, '1'),
	(224, 15, 1, 49, 40000, '1'),
	(225, 14, 1, 49, 10000, '1'),
	(226, 1, 1, 49, 600000, '1'),
	(227, 4, 1, 49, 1500, '1'),
	(228, 5, 1, 49, 2300, '1'),
	(229, 16, 1, 50, 50000, '1'),
	(230, 15, 1, 50, 40000, '1'),
	(231, 5, 1, 50, 2300, '1'),
	(232, 7, 1, 50, 4000, '1'),
	(233, 5, 1, 43, -2300, '1'),
	(234, 15, 1, 43, -40000, '1'),
	(235, 7, 5, 44, -4000, '1'),
	(236, 7, 1, 42, -4000, '1'),
	(237, 16, 1, 48, -50000, '1'),
	(238, 4, 1, 51, 1500, '1'),
	(239, 5, 1, 51, 2300, '1'),
	(240, 7, 1, 51, 4000, '1'),
	(241, 16, 1, 51, 50000, '1'),
	(242, 15, 1, 51, 40000, '1'),
	(243, 16, 1, 51, -50000, '1'),
	(244, 7, 1, 51, -4000, '1'),
	(245, 15, 1, 42, -40000, '1'),
	(246, 4, 1, 52, 1500, '1'),
	(247, 5, 1, 52, 2300, '1'),
	(248, 7, 1, 52, 4000, '1'),
	(249, 14, 1, 52, 10000, '1'),
	(250, 16, 1, 52, 50000, '1'),
	(251, 5, 1, 52, -2300, '1'),
	(252, 16, 1, 53, 50000, '1'),
	(253, 15, 1, 53, 40000, '1'),
	(254, 4, 1, 53, 1500, '1'),
	(255, 5, 1, 53, 2300, '1'),
	(256, 7, 1, 53, 4000, '1'),
	(257, 16, 1, 53, 50000, '1'),
	(258, 7, 1, 53, 4000, '1'),
	(259, 16, 1, 54, 50000, '1'),
	(260, 7, 1, 54, 4000, '1'),
	(261, 5, 1, 54, 2300, '1'),
	(262, 4, 1, 54, 1500, '1'),
	(263, 16, 2, 54, 50000, '1'),
	(264, 4, 1, 55, 1500, '1'),
	(265, 7, 1, 55, 4000, '1'),
	(266, 15, 1, 55, 40000, '1'),
	(267, 4, 1, 55, 1500, '1'),
	(268, 7, 1, 55, 4000, '1'),
	(269, 7, 1, 55, 4000, '1'),
	(270, 7, 1, 56, 4000, '1'),
	(271, 15, 1, 56, 40000, '1'),
	(272, 4, 1, 56, 1500, '1'),
	(273, 7, 1, 56, 4000, '1'),
	(274, 4, 1, 56, 1500, '1'),
	(275, 7, 1, 56, 4000, '1'),
	(276, 7, 1, 56, 4000, '1'),
	(277, 7, 1, 56, 4000, '1'),
	(278, 7, 1, 56, 4000, '1'),
	(279, 7, 1, 57, 4000, '1'),
	(280, 4, 1, 57, 1500, '1'),
	(281, 7, 1, 57, 4000, '1'),
	(282, 7, 1, 57, 4000, '1'),
	(283, 7, 1, 57, 4000, '1'),
	(284, 4, 1, 57, 1500, '1'),
	(285, 4, 1, 57, 1500, '1'),
	(286, 4, 3, 58, 1500, '1'),
	(287, 7, 5, 58, 4000, '1'),
	(288, 4, 1, 58, 1500, '1'),
	(289, 4, 1, 58, 1500, '1'),
	(290, 4, 3, 59, 1500, '1'),
	(291, 7, 2, 59, 4000, '1'),
	(292, 7, 2, 61, 4000, '1'),
	(293, 14, 2, 61, 10000, '1'),
	(294, 5, 1, 61, 2300, '1'),
	(295, 16, 1, 61, 50000, '1'),
	(296, 1, 1, 61, 600000, '1'),
	(297, 1, 1, 62, 600000, '1'),
	(298, 4, 1, 62, 1500, '1'),
	(299, 5, 1, 62, 2300, '1'),
	(300, 7, 1, 62, 4000, '1'),
	(301, 14, 1, 62, 10000, '1'),
	(302, 15, 1, 62, 40000, '1'),
	(303, 16, 1, 62, 50000, '1'),
	(304, 7, 2, 63, 4000, '1'),
	(305, 5, 1, 63, 2300, '1'),
	(306, 16, 2, 63, 50000, '1'),
	(307, 4, 1, 63, 1500, '1'),
	(308, 1, 1, 63, 600000, '1'),
	(309, 15, 1, 63, 40000, '1'),
	(310, 14, 2, 63, 10000, '1'),
	(311, 1, 1, 64, 600000, '1'),
	(312, 4, 1, 64, 1500, '1'),
	(313, 5, 1, 64, 2300, '1'),
	(314, 7, 1, 64, 4000, '1'),
	(315, 14, 1, 64, 10000, '1'),
	(316, 15, 1, 64, 40000, '1'),
	(317, 1, 1, 65, 600000, '1'),
	(318, 4, 1, 65, 1500, '1'),
	(319, 5, 1, 65, 2300, '1'),
	(320, 7, 1, 65, 4000, '1'),
	(321, 14, 1, 65, 10000, '1'),
	(322, 15, 1, 65, 40000, '1'),
	(323, 16, 1, 65, 50000, '1'),
	(324, 1, 1, 66, 600000, '1'),
	(325, 4, 1, 66, 1500, '1'),
	(326, 5, 1, 66, 2300, '1'),
	(327, 7, 1, 66, 4000, '1'),
	(328, 14, 1, 66, 10000, '1'),
	(329, 15, 1, 66, 40000, '1'),
	(330, 16, 1, 66, 50000, '1'),
	(331, 1, 1, 67, 600000, '1'),
	(332, 4, 1, 67, 1500, '1'),
	(333, 5, 1, 67, 2300, '1'),
	(334, 7, 1, 67, 4000, '1'),
	(335, 14, 1, 67, 10000, '1'),
	(336, 15, 1, 67, 40000, '1'),
	(337, 16, 1, 67, 50000, '1'),
	(338, 1, 1, 68, 600000, '1'),
	(339, 4, 1, 68, 1500, '1'),
	(340, 5, 1, 68, 2300, '1'),
	(341, 7, 1, 68, 4000, '1'),
	(342, 14, 1, 68, 10000, '1'),
	(343, 15, 1, 68, 40000, '1'),
	(344, 16, 1, 68, 50000, '1'),
	(345, 1, 1, 69, 600000, '1'),
	(346, 4, 1, 69, 1500, '1'),
	(347, 5, 1, 69, 2300, '1'),
	(348, 7, 1, 69, 4000, '1'),
	(349, 14, 1, 69, 10000, '1'),
	(350, 15, 1, 69, 40000, '1'),
	(351, 16, 1, 69, 50000, '1'),
	(352, 7, 1, 70, 4000, '1'),
	(353, 5, 1, 70, 2300, '1'),
	(354, 4, 1, 70, 1500, '1'),
	(355, 1, 1, 70, 600000, '1'),
	(356, 15, 1, 70, 40000, '1'),
	(357, 16, 1, 70, 50000, '1'),
	(358, 14, 1, 70, 10000, '1'),
	(359, 1, 1, 71, 600000, '1'),
	(360, 4, 1, 71, 1500, '1'),
	(361, 5, 1, 71, 2300, '1'),
	(362, 7, 1, 71, 4000, '1'),
	(363, 14, 1, 71, 10000, '1'),
	(364, 15, 1, 71, 40000, '1'),
	(365, 16, 1, 71, 50000, '1'),
	(366, 1, 1, 72, 600000, '1'),
	(367, 4, 1, 72, 1500, '1'),
	(368, 5, 1, 72, 2300, '1'),
	(369, 7, 1, 72, 4000, '1'),
	(370, 14, 1, 72, 10000, '1'),
	(371, 15, 1, 72, 40000, '1'),
	(372, 16, 1, 72, 50000, '1'),
	(373, 1, 1, 73, 600000, '1'),
	(374, 4, 1, 73, 1500, '1'),
	(375, 16, 1, 73, 50000, '1'),
	(376, 7, 1, 73, 4000, '1'),
	(377, 15, 1, 73, 40000, '1'),
	(378, 5, 1, 73, 2300, '1'),
	(379, 14, 1, 73, 10000, '1'),
	(380, 7, 2, 74, 4000, '1'),
	(381, 4, 1, 74, 1500, '1'),
	(382, 1, 1, 74, 600000, '1'),
	(383, 16, 1, 74, 50000, '1'),
	(384, 15, 1, 74, 40000, '1'),
	(385, 5, 1, 74, 2300, '1'),
	(386, 14, 1, 74, 10000, '1'),
	(387, 1, 1, 75, 600000, '1'),
	(388, 4, 1, 75, 1500, '1'),
	(389, 16, 1, 75, 50000, '1'),
	(390, 7, 1, 75, 4000, '1'),
	(391, 15, 1, 75, 40000, '1'),
	(392, 5, 1, 75, 2300, '1'),
	(393, 14, 1, 75, 10000, '1'),
	(394, 1, 1, 76, 600000, '1'),
	(395, 4, 1, 76, 1500, '1'),
	(396, 16, 1, 76, 50000, '1'),
	(397, 7, 1, 76, 4000, '1'),
	(398, 15, 1, 76, 40000, '1'),
	(399, 5, 1, 76, 2300, '1'),
	(400, 14, 1, 76, 10000, '1'),
	(401, 1, 1, 77, 600000, '1'),
	(402, 4, 1, 77, 1500, '1'),
	(403, 16, 1, 77, 50000, '1'),
	(404, 7, 1, 77, 4000, '1'),
	(405, 15, 1, 77, 40000, '1'),
	(406, 5, 1, 77, 2300, '1'),
	(407, 14, 1, 77, 10000, '1'),
	(408, 1, 2, 78, 600000, '1'),
	(409, 4, 2, 78, 1500, '1'),
	(410, 16, 2, 78, 50000, '1'),
	(411, 7, 2, 78, 4000, '1'),
	(412, 15, 2, 78, 40000, '1'),
	(413, 5, 2, 78, 2300, '1'),
	(414, 14, 2, 78, 10000, '1');
/*!40000 ALTER TABLE `transaksi_detail` ENABLE KEYS */;

/*!40101 SET SQL_MODE=IFNULL(@OLD_SQL_MODE, '') */;
/*!40014 SET FOREIGN_KEY_CHECKS=IF(@OLD_FOREIGN_KEY_CHECKS IS NULL, 1, @OLD_FOREIGN_KEY_CHECKS) */;
/*!40101 SET CHARACTER_SET_CLIENT=@OLD_CHARACTER_SET_CLIENT */;
